<?xml version="1.0" encoding="utf-8"?>
<extension type="component" version="3.2.0" method="upgrade">

	<name>COM_BOOKLIST</name>
	<!-- The following elements are optional and free of formatting constraints -->
	<creationDate>August 2017</creationDate>
	<author>Jeremy Robson</author>
	<authorEmail>jeremy@dragonflyit.ca</authorEmail>
	<authorUrl></authorUrl>
	<copyright></copyright>
	<license></license>
	<!--  The version string is recorded in the components table -->
	<version>0.0.2</version>
	<!-- The description is optional and defaults to the name -->
	<description>COM_BOOKLIST_DESCRIPTION</description>

	<install>
		<sql>
			<file driver="mysql" charset="utf8">sql/install.mysql.utf8.sql</file>
		</sql>
	</install>

	<uninstall>
		<sql>
			<file driver="mysql" charset="utf8">sql/uninstall.mysql.utf8.sql</file>
		</sql>
	</uninstall>

	<update>
		<schemas>
			<schemapath type="mysql">sql/updates/mysql</schemapath>
		</schemas>
	</update>

	<files folder="site">
		<filename>index.html</filename>
		<filename>booklist.php</filename>
		<filename>controller.php</filename>
		<folder>views</folder>
		<folder>models</folder>
	</files>

	<languages folder="site/language">
		<language tag="en-GB">en-GB/en-GB.com_booklist.ini</language>
    </languages>

	<administration>
		<menu link='index.php?option=com_booklist'>COM_BOOKLIST_MENU</menu>
		<files folder="admin">
			<filename>index.html</filename>
			<filename>booklist.php</filename>
			<filename>controller.php</filename>
			<folder>sql</folder>
			<folder>tables</folder>
			<folder>models</folder>
			<folder>views</folder>
			<folder>controllers</folder>
		</files>
		<languages folder="admin/language">
            <language tag="en-GB">en-GB/en-GB.com_booklist.ini</language>
            <language tag="en-GB">en-GB/en-GB.com_booklist.sys.ini</language>
		</languages>
	</administration>

</extension>