<?xml version="1.0" encoding="utf-8"?>
<extension type="component" version="3.0" method="upgrade">

	<name>COM_JEREGISTER</name>
	<!-- The following elements are optional and free of formatting constraints -->
	<creationDate>March 2018</creationDate>
	<author>Jeremy Robson</author>
	<authorEmail>jeremy@dragonflyit.ca</authorEmail>
	<authorUrl>http://www.jeremyrobson.com</authorUrl>
	<copyright>2018</copyright>
	<license>Free</license>
	<!--  The version string is recorded in the components table -->
	<version>0.0.18</version>
	<!-- The description is optional and defaults to the name -->
	<description>A cool component for cool websites only</description>

	<install> <!-- Runs on install -->
		<sql>
			<file driver="mysql" charset="utf8">sql/install.mysql.utf8.sql</file>
		</sql>
	</install>
	<uninstall> <!-- Runs on uninstall -->
		<sql>
			<file driver="mysql" charset="utf8">sql/uninstall.mysql.utf8.sql</file>
		</sql>
	</uninstall>

	<update> <!-- Runs on update; New since J2.5 -->
		<schemas>
			<schemapath type="mysql">sql/updates/mysql</schemapath>
		</schemas>
	</update>

	<!-- Site Main File Copy Section -->
	<!-- Note the folder attribute: This attribute describes the folder
		to copy FROM in the package to install therefore files copied
		in this section are copied from /site/ in the package -->
	<files folder="site">
		<filename>index.html</filename>
		<filename>jeregister.php</filename>
        <filename>controller.php</filename>
		<folder>controllers</folder>
        <folder>views</folder>
        <folder>models</folder>
	</files>

	<languages folder="site/language">
	<language tag="en-GB">en-GB/en-GB.com_jeregister.ini</language>
	</languages>

	<administration>
		<!-- Administration Menu Section -->
		<menu link='index.php?option=com_jeregister'>COM_JEREGISTER_MENU</menu>
		<!-- Administration Main File Copy Section -->
		<!-- Note the folder attribute: This attribute describes the folder
			to copy FROM in the package to install therefore files copied
			in this section are copied from /admin/ in the package -->
		<files folder="admin">
			<!-- Admin Main File Copy Section -->
			<filename>index.html</filename>
			<filename>config.xml</filename>
			<filename>jeregister.php</filename>
			<filename>controller.php</filename>
			<filename>access.xml</filename>
			<!-- SQL files section -->
			<folder>sql</folder>
			<!-- tables files section -->
			<folder>tables</folder>
			<!-- models files section -->
			<folder>models</folder>
			<!-- views files section -->
			<folder>views</folder>
			<folder>controllers</folder>
			<folder>language</folder>
		</files>
		<languages folder="admin/language">
			<language tag="en-GB">en-GB/en-GB.com_jeregister.ini</language>
			<language tag="en-GB">en-GB/en-GB.com_jeregister.sys.ini</language>
		</languages>
	</administration>

</extension>