<?xml version="1.0" encoding="utf-8"?>
<extension type="module" version="1.0.0" client="site" method="upgrade">
    <name>JerMenu</name>
    <author>Jeremy Robson</author>
    <version>2.0.0</version>
    <description>A Menu</description>
    <files>
        <filename>mod_jermenu.xml</filename>
        <filename module="mod_jermenu">mod_jermenu.php</filename>
        <filename>index.html</filename>
        <filename>helper.php</filename>
        <filename>tmpl/default.php</filename>
        <filename>tmpl/index.html</filename>
		<filename>js/jquery-3.3.1.min.js</filename>
		<filename>css/bootstrap.css</filename>
		<filename>js/bootstrap.min.js</filename>
		<filename>css/jermenu.css</filename>
		<filename>js/jermenu.js</filename>
    </files>
	<languages>
		<language tag="en-GB">en-GB.mod_jermenu.ini</language>
		<language tag="en-GB">en-GB.mod_jermenu.sys.ini</language>
	</languages>
	<config>
		<fields name="params">
			<fieldset name="basic"
				addfieldpath="/administrator/components/com_menus/models/fields"
			>
				<field
					name="menutype"
					type="menu"
					label="MOD_MENU_FIELD_MENUTYPE_LABEL"
					description="MOD_MENU_FIELD_MENUTYPE_DESC"
					clientid="0"
				/>

				<field
					name="base"
					type="modal_menu"
					label="MOD_MENU_FIELD_ACTIVE_LABEL"
					description="MOD_MENU_FIELD_ACTIVE_DESC"
					select="true"
					new="true"
					edit="true"
					clear="true"
					>
					<option value="">JCURRENT</option>
				</field>

				<field
					name="startLevel"
					type="list"
					label="MOD_MENU_FIELD_STARTLEVEL_LABEL"
					description="MOD_MENU_FIELD_STARTLEVEL_DESC"
					default="1"
					>
					<option value="1">J1</option>
					<option value="2">J2</option>
					<option value="3">J3</option>
					<option value="4">J4</option>
					<option value="5">J5</option>
					<option value="6">J6</option>
					<option value="7">J7</option>
					<option value="8">J8</option>
					<option value="9">J9</option>
					<option value="10">J10</option>
				</field>

				<field
					name="endLevel"
					type="list"
					label="MOD_MENU_FIELD_ENDLEVEL_LABEL"
					description="MOD_MENU_FIELD_ENDLEVEL_DESC"
					default="0"
					>
					<option value="0">JALL</option>
					<option value="1">J1</option>
					<option value="2">J2</option>
					<option value="3">J3</option>
					<option value="4">J4</option>
					<option value="5">J5</option>
					<option value="6">J6</option>
					<option value="7">J7</option>
					<option value="8">J8</option>
					<option value="9">J9</option>
					<option value="10">J10</option>
				</field>

				<field
					name="showAllChildren"
					type="radio"
					label="MOD_MENU_FIELD_ALLCHILDREN_LABEL"
					description="MOD_MENU_FIELD_ALLCHILDREN_DESC"
					class="btn-group btn-group-yesno"
					default="1"
					>
					<option value="1">JYES</option>
					<option value="0">JNO</option>
				</field>
			</fieldset>

			<fieldset name="advanced">
				<field
					name="tag_id"
					type="text"
					label="MOD_MENU_FIELD_TAG_ID_LABEL"
					description="MOD_MENU_FIELD_TAG_ID_DESC"
				/>

				<field
					name="class_sfx"
					type="text"
					label="MOD_MENU_FIELD_CLASS_LABEL"
					description="MOD_MENU_FIELD_CLASS_DESC"
				/>

				<field
					name="window_open"
					type="text"
					label="MOD_MENU_FIELD_TARGET_LABEL"
					description="MOD_MENU_FIELD_TARGET_DESC"
				/>

				<field
					name="layout"
					type="modulelayout"
					label="JFIELD_ALT_LAYOUT_LABEL"
					description="JFIELD_ALT_MODULE_LAYOUT_DESC"
				/>

				<field
					name="moduleclass_sfx"
					type="textarea"
					label="COM_MODULES_FIELD_MODULECLASS_SFX_LABEL"
					description="COM_MODULES_FIELD_MODULECLASS_SFX_DESC"
					rows="3"
				/>

				<field
					name="cache"
					type="list"
					label="COM_MODULES_FIELD_CACHING_LABEL"
					description="COM_MODULES_FIELD_CACHING_DESC"
					default="1"
					>
					<option value="1">JGLOBAL_USE_GLOBAL</option>
					<option value="0">COM_MODULES_FIELD_VALUE_NOCACHING</option>
				</field>

				<field
					name="cache_time"
					type="number"
					label="COM_MODULES_FIELD_CACHE_TIME_LABEL"
					description="COM_MODULES_FIELD_CACHE_TIME_DESC"
					default="900"
				/>

				<field
					name="cachemode"
					type="hidden"
					default="itemid"
					>
					<option value="itemid"></option>
				</field>
			</fieldset>
		</fields>
	</config>
</extension>