<?xml version="1.0" encoding="utf-8"?>
<extension type="module" version="1.0.0" client="site" method="upgrade">
    <name>LightSlider</name>
    <author>Jeremy Robson</author>
    <version>1.0.0</version>
    <description>A Slider</description>
    <files>
        <filename>mod_lightslider.xml</filename>
        <filename module="mod_lightslider">mod_lightslider.php</filename>
        <filename>index.html</filename>
        <filename>helper.php</filename>
        <filename>tmpl/default.php</filename>
        <filename>tmpl/index.html</filename>
        <filename>js/lightslider.min.js</filename>
        <filename>css/lightslider.min.css</filename>
    </files>
    <config>
        <fieldset
            name="config"
            label="Lightslider Config"
            description="Lightslider Config"
        >
            <field
                name="images"
                type="text"
                label="Images"
                description="Images paths separated by comma"
                default=""
            />
        </fieldset>
    </config>
</extension>